name,price,sale_area,judge,
波司登短款修身青年保暖男士百搭基础羽绒服轻薄秋季外套B1601011,268,51660,评价: 21629,21629.00 
BSD波司登显瘦修身时尚轻薄羽绒服女基础款韩版外套B1601010,268,51352,评价: 20951,20951.00 
波司登2017新款秋季超薄青年休闲短款羽绒服男轻薄修身潮B1701011,239,48980,评价: 14159,14159.00 
波司登2017新款秋季时尚韩版轻薄羽绒服女短款修身显瘦潮B1701010,239,47208,评价: 12396,12396.00 
BSD波司登冬季中长款时尚迪士尼系列米奇羽绒服女B1601156,647,19067,评价: 7246,7246.00 
BSD波司登韩版大毛领加厚长款羽绒服女 修身长过膝B1501160,898,13566,评价: 5472,5472.00 
BSD波司登百搭时尚女款轻薄秋蓄热保暖轻型羽绒服B1601006X,358,12876,评价: 5043,5043.00 
BSD波司登大毛领长款羽绒服女加厚长过膝修身冬装B1601330,1169,13588,评价: 4621,4621.00 
BSD波司登加长百搭连帽男装羽绒服男加厚中长款B1601153,799,11118,评价: 4414,4414.00 
BSD波司登短款轻薄蓄热保暖羽绒服女修身美外套B1501020X,299,13819,评价: 4316,4316.00 
波司登冬季韩版休闲百搭男士轻薄短款羽绒服潮B1601005X,239,10354,评价: 4182,4182.00 
BSD波司登休闲中长款连帽男士冬季保暖羽绒服潮B1601115,799,10291,评价: 4180,4180.00 
BSD波司登秋季羽绒服女款连帽运动外套轻薄羽绒衣B1501026,299,12702,评价: 4172,4172.00 
BSD波司登街头百搭连帽气质直筒长款女时尚羽绒服B1601198,899,10106,评价: 4063,4063.00 
波司登羽绒马甲女春秋2017新款百搭短款V领妈妈装马夹B1701602,136,17423,评价: 3990,3990.00 
BSD波司登男款轻薄短款连帽时尚青年羽绒服保暖B1601013,358,9629,评价: 3941,3941.00 
波司登百搭时尚哑光轻型修身轻薄女式羽绒服B1601018,358,10103,评价: 3582,3582.00 
波司登2017新款秋冬百搭居家无袖内胆羽绒马甲内穿中年款B1701603,136,17692,评价: 3488,3488.00 
波司登2017新款冬季短款时尚韩版修身短款潮轻薄羽绒服女B1701522,239,14373,评价: 3457,3457.00 
波司登2017新品羽绒裤男冬内穿宽松百搭保暖长裤B1701619,193,15102,评价: 3448,3448.00 
BSD波司登百搭简约纯色立领轻薄修身女士秋羽绒服B1601522,268,8810,评价: 3418,3418.00 
BSD波司登2017新款冬季短款保暖外套潮轻薄羽绒服男B1701515,239,15420,评价: 3350,3350.00 
【预售】波司登2017新款秋季时尚韩版轻薄羽绒服女短款潮B1701010,239,8931,评价: 3180,3180.00 
【预售】波司登2017新款秋季超薄短款羽绒服男轻薄修身潮B1701011,239,8571,评价: 3136,3136.00 
BSD波司登保暖内衣女款内穿保暖宽松中老年羽绒服B1501612,199,9094,评价: 3074,3074.00 
波司登2017新品春秋羽绒马甲男中年短款轻薄内穿V领马夹B1701601,169,9642,评价: 2942,2942.00 
BSD波司登冬中老年 女 妈妈装花纹气质短款 羽绒服B1501250B,479,7906,评价: 2923,2923.00 
波司登2017新款秋冬大码女士中老年内穿羽绒马甲内胆B1701604B,136,13240,评价: 2904,2904.00 
波司登冬装简约女式轻薄百搭修身短款羽绒服B1601014,358,8146,评价: 2743,2743.00 
BSD波司登修身欧洲站短外套轻薄欧美女士羽绒服反季B1501022,299,7656,评价: 2719,2719.00 
波司登羽绒服男运动时尚连帽活力外套保暖反季清仓B1301041,249,13508,评价: 2662,2662.00 
BSD波司登加厚羽绒服男短款修身中年商务休闲冬装B1601245,647,7390,评价: 2645,2645.00 
波司登大毛领中长款女士羽绒服韩版外套B1501184,598,6163,评价: 2633,2633.00 
波司登修身加厚羽绒服女中长款时尚冬季外套反季清仓B1401064F,299,5403,评价: 2453,2453.00 
波司登2017新款男轻薄短款立领薄款羽绒服百搭时尚男装B70131009,359,8654,评价: 2409,2409.00 
BSD波司登中年带帽保暖冬季男款商务绅士羽绒服B1601251,899,6712,评价: 2409,2409.00 
波司登2017新品冬季内穿羽绒服保暖中老年爸爸装羽绒内胆B1701613,217,10332,评价: 2399,2399.00 
波司登2017新品羽绒裤女 中老年内穿直筒中腰百搭长裤B1701622,159,10591,评价: 2269,2269.00 
BSD波司登连帽保暖加厚 迪士尼时尚加长羽绒服B1601127,699,6095,评价: 2203,2203.00 
BSD波司登大毛领羽绒服女中长款加厚修身韩版冬装B1601304,899,5822,评价: 2134,2134.00 
BSD波司登中长款加厚羽绒服女大毛领羽绒衣外套B1401158,449,8181,评价: 2074,2074.00 
波司登时尚保暖女立领外套百搭轻薄显瘦通勤羽绒服反季B1501016,239,8491,评价: 2051,2051.00 
BSD波司登街头男士时尚短款百搭保暖羽绒服B1501043,398,5421,评价: 2017,2017.00 
BSD波司登羽绒服女短款韩版加厚时尚修身冬装B1601110,629,4728,评价: 1863,1863.00 
波司登羽绒服保暖立领都市商务休闲短款男装外套反季清仓B1401099,358,5867,评价: 1798,1798.00 
BSD波司登短款羽绒服女大毛领连帽女装反季B1501110,389,4943,评价: 1772,1772.00 
波司登2017秋季短款连帽轻薄运动男士时尚男装羽绒服B70131001,359,6289,评价: 1719,1719.00 
BSD波司登撞色时尚羽绒服男修身青年冬装外套反季B1501131,569,5573,评价: 1685,1685.00 
BSD波司登荷叶边轻薄羽绒服女款秋季羽绒衣反季B1501032,299,4327,评价: 1670,1670.00 
波司登男简约短款蓄热保暖时尚羽绒服反季上衣立领外套B1501015X,199,9925,评价: 1639,1639.00 
波司登保暖连帽时尚加厚冬季女装中长款羽绒服B1601332,799,4679,评价: 1601,1601.00 
BSD波司登图案冬装羽绒服保暖女修身中长款特价包邮B1301100,189,3980,评价: 1565,1565.00 
BSD波司登立领糖果色修身短款 轻薄 女士羽绒服反季B1401030,219,4244,评价: 1549,1549.00 
BSD波司登羽绒服女中长款加厚修身显瘦韩版冬装反季B1501176,688,4408,评价: 1534,1534.00 
波司登时尚男装90%鹅绒男轻薄中长款羽绒服外套B1601049,566,3988,评价: 1515,1515.00 
波司登2017新款短款连帽运动休闲户外保暖时尚羽绒服男B70141103,799,6685,评价: 1494,1494.00 
BSD波司登冬季直筒时尚中长款女士简约羽绒服B1601174N,699,3958,评价: 1492,1492.00 
BSD波司登羽绒服保暖男带帽简约防寒中长款男装大衣B1301099,489,4500,评价: 1474,1474.00 
波司登中年男士羽绒服中长款加厚貉子毛领修身羽绒衣冬装B1401071,449,5676,评价: 1460,1460.00 
BSD波司登加厚羽绒服女大貉子毛领冬装修身外套B1401160,398,4816,评价: 1419,1419.00 
波司登简约商务男士中长款中年百搭大方冬季保暖羽绒服B1601231Q,799,3726,评价: 1394,1394.00 
BSD波司登冬季热卖女款毛领短款修身羽绒服外套B1301182,379,7601,评价: 1343,1343.00 
波司登百搭常规轻薄短款立领男士简约轻型羽绒服 潮反季B1501013,239,15451,评价: 1329,1329.00 
BSD波司登防寒妈妈装獭兔毛领宽松大码羽绒服女B1501258B,598,4011,评价: 1313,1313.00 
波司登貉子毛瑞丽时尚气质宽松保暖女士外套中长款羽绒服B1601236,899,3739,评价: 1312,1312.00 
波司登冬季羽绒服女韩版甜美修身中长款时尚保暖外套保暖B1301096,269,17808,评价: 1306,1306.00 
波司登欧美羽绒服保暖连帽男士冬装外套男装反季清仓B1401037F,299,3378,评价: 1303,1303.00 
BSD波司登冬季气质立领羽绒服男轻薄纯色短款修身B1601017,349,3471,评价: 1267,1267.00 
BSD波司登 女北方中长款羽绒服貉子毛大毛领含腰带B1401170,449,4429,评价: 1250,1250.00 
波司登2017新款鹅绒中长款运动大毛领女韩版加厚羽绒服B70142018,1699,6598,评价: 1249,1249.00 
波司登2017新款白鹅绒中长款毛领户外极寒系列羽绒服男B70142023,1699,5413,评价: 1240,1240.00 
BSD波司登时尚羽绒服男连帽短款羽绒服男士反季清仓B1301045,239,3265,评价: 1238,1238.00 
波司登羽绒服保暖男街头毛领中长款羊羔毛带毛条反季清仓B1301073,439,3863,评价: 1225,1225.00 
BSD波司登修身女款羽绒服羊羔绒短款防寒潮反季清仓B1301124,269,5659,评价: 1219,1219.00 
波司登羽绒服保暖男款立领修身短撞色夹克外套潮反季清仓B1401039,357,4916,评价: 1213,1213.00 
BSD波司登冬装短款显瘦学院风外套 羽绒服 保暖 女B1401118,299,3728,评价: 1192,1192.00 
波司登保暖冬季毛领时尚女款中长款欧美街头简约羽绒服B1601318,989,3217,评价: 1191,1191.00 
BSD波司登大毛领冬装韩版修身中长款加厚羽绒服女B1401164Z,449,3251,评价: 1178,1178.00 
BSD波司登男短款羽绒服立领百搭常规商务服轻便外套B1601103,458,3158,评价: 1176,1176.00 
波司登羽绒服女修身大毛领送腰带显瘦中长款外套反季清仓B1301228,358,3092,评价: 1173,1173.00 
BSD波司登冬季男款迪士尼米奇长款外套羽绒服 潮B1601123N,1099,3009,评价: 1169,1169.00 
BSD波司登女士 羽绒服 中长款修身连帽冬装外套 女B1301196,241,8642,评价: 1164,1164.00 
BSD波司登连帽加长过膝长款轻薄羽绒服 显瘦女士B1601040,598,3240,评价: 1163,1163.00 
BSD波司登 保暖加厚大毛领可脱卸帽中长款羽绒服男B1501141,499,3190,评价: 1163,1163.00 
BSD波司登迪士尼米妮甜美时尚学生女士连帽羽绒服B1601124,566,3137,评价: 1157,1157.00 
波司登貉子毛大毛领中老年母亲老年装短款保暖女士羽绒服B1601342,699,3283,评价: 1151,1151.00 
BSD波司登羽绒服立领男时尚短款撞色冬季绅士羽绒服B1301157,239,3478,评价: 1148,1148.00 
波司登轻薄女士长款过膝羽绒服时尚棒球领潮B1601048,498,3369,评价: 1130,1130.00 
波司登加长羽绒服女中长款韩版修身西装领冬装B1601046,558,3618,评价: 1116,1116.00 
波司登马甲女春秋2017新款百搭内穿圆领女士休闲羽绒内胆B1701608,169,5390,评价: 1098,1098.00 
BSD波司登保暖女款A版宽松气质斗篷型中长款羽绒服B1501178,688,3066,评价: 1075,1075.00 
波司登保暖百搭冬季直筒大毛领中长款甜美羽绒服女羽绒衣B1601232,899,2603,评价: 1060,1060.00 
波司登冬季拼接外套大衣撞色加厚女款羽绒服女装反季清仓B1401066,269,3066,评价: 1059,1059.00 
波司登字母街头个性通勤简约加长款毛条保暖气质羽绒服女B1601540,989,2917,评价: 1048,1048.00 
BSD波司登冬季北方中长款连帽羽绒服女修身冬装B1301142,399,7820,评价: 1012,1012.00 
BSD波司登防寒毛领中长款宽松韩版羽绒服女羽绒衣B1501112,598,2917,评价: 1009,1009.00 
波司登貉子毛冬季长款加长羽绒服女毛领羽绒衣B1601178,1169,2628,评价: 990,990.00 
BSD波司登外套男款短款休闲立领商务时尚夹克羽绒服B1501017,199,3673,评价: 974,974.00 
波司登青年运动时尚轻薄蓄热羽绒服立领男款短款外套潮B1601007X,289,2311,评价: 961,961.00 
BSD波司登保暖女款甜美活力修身中长款女款羽绒服B1301088,249,2666,评价: 958,958.00 
波司登连帽冬季街头冬季男士时尚短款防寒百搭保暖羽绒服B1601149,699,2279,评价: 954,954.00 
波司登貉子毛短款保暖修身女 连帽羊羔毛羽绒服反季清仓B1301128,284,2398,评价: 953,953.00 
波司登冬加厚羽绒服女中长款大毛领羽绒衣女款B1601134,1099,2404,评价: 946,946.00 
BSD波司登保暖冬季连帽短款羽绒服撞色外套B1501059,349,3097,评价: 946,946.00 
BSD波司登薄款女士运动时尚轻薄连帽简约羽绒服B1601510,358,2354,评价: 942,942.00 
波司登女款羽绒服韩版甜美修身中长款女装外套反季清仓B1301108,249,2790,评价: 936,936.00 
波司登商场同款简约运动男士外套休闲连帽时尚纯色羽绒服B1601507,479,2143,评价: 931,931.00 
BSD波司登保暖冬大毛领加厚中长款羽绒服女修身斗篷型B1501126,688,2919,评价: 931,931.00 
BSD波司登轻型立领轻薄羽绒服女蓄热保暖修身外套B1601008X,358,2751,评价: 920,920.00 
BSD波司登狐狸毛加肥加大中长款女妈妈装老年羽绒服B1601348B,1079,2301,评价: 917,917.00 
波司登2017新款迪士尼系列米奇时尚中长款羽绒服厚女装B70142168D,899,4718,评价: 914,914.00 
BSD波司登韩版羽绒服女时尚连帽亮面双排扣中长款B1301212,245,8598,评价: 914,914.00 
波司登羽绒衣 保暖相色拼接休闲直筒羽绒服 男装反季清仓B1501151,549,2912,评价: 896,896.00 
波司登2017新款冬季加肥加大内胆中老年大码羽绒服内恤B1701610B,193,5044,评价: 895,895.00 
波司登冬季羽绒服男加厚长款帅气休闲宽松保暖防寒服B1601129,989,2146,评价: 874,874.00 
波司登简约毛领羽绒服女直销外套反季清仓B1301180,369,3453,评价: 869,869.00 
波司登2017新款冬中长款獭兔毛领商务休闲外套羽绒服男B70141029,989,3934,评价: 861,861.00 
波司登2017新品迪士尼系列米奇冬运动中长款羽绒服女潮B70142170D,1079,3490,评价: 854,854.00 
波司登2017新款时尚连帽通勤休闲女士保暖长款羽绒服B70142010V,1079,3378,评价: 850,850.00 
波司登男款毛条长款保暖耐寒加长过膝羽绒服B1601243,1439,2221,评价: 846,846.00 
波司登冬季90绒轻薄休闲青年保暖羽绒服男士防水外套潮B1401031T,299,2985,评价: 832,832.00 
波司登连帽气质中长款时尚休闲连帽宽松百搭甜美羽绒服B1601128N,699,2077,评价: 828,828.00 
BSD波司登2017新款轻羽绒立领时尚女士短羽绒服B70131008,359,3629,评价: 811,811.00 
波司登迪士尼系列米奇连帽中长款时尚青年学生羽绒服女B1601118,699,1964,评价: 810,810.00 
BSD波司登羽绒服男街头中长款羊羔毛多口袋防寒服B1301071,355,2910,评价: 804,804.00 
BSD波司登冬季羽绒服男街头连帽加厚保暖中长款B1301077,355,2294,评价: 796,796.00 
波司登2017新款中老年长袖羽绒服妈妈装大码羽绒内胆B1701612B,269,3158,评价: 786,786.00 
BSD波司登迪士尼米奇系列中长款女士欧美羽绒服B1601152,799,1748,评价: 780,780.00 
波司登 修身简约女款羽绒服貉子毛条中长款保暖女装外套B1401150,349,4546,评价: 772,772.00 
波司登貉子毛迪士尼系列女中长款大毛领羽绒服B1601158,1439,2103,评价: 766,766.00 
波司登2017新款白鹅绒加拿大风加厚长款大毛领羽绒服女B70142016,1799,3427,评价: 765,765.00 
波司登撞色冬季清仓保暖运动休闲时尚带帽短款羽绒服 男B1501063,479,2190,评价: 764,764.00 
波司登中长款羽绒服保暖貉子毛领淑女双排扣外套B1401162,449,2487,评价: 758,758.00 
波司登中长款女防寒保暖羽绒服纯色连帽时尚冬装B1601154,799,2254,评价: 754,754.00 
波司登户外冬季清仓连帽撞色拼接保暖短款男士户外羽绒服B1501053,377,2010,评价: 751,751.00 
波司登中老年真獭兔毛领大码妈妈装短款羽绒服反季清仓B1501302B,549,2280,评价: 744,744.00 
波司登秋冬短款欧美女款轻薄棒球衫羽绒服反季B1501036,299,2371,评价: 736,736.00 
【预售】波司登2017新款冬季短款保暖外套潮轻薄羽绒服男B1701515,239,2031,评价: 736,736.00 
波司登羽绒服中长款加厚宽松女士撞色冬季大毛领反季清仓B1401132,349,2472,评价: 732,732.00 
波司登潮流貉子毛女短款时尚连帽毛条气质保暖瑞丽羽绒服B1601288,699,1882,评价: 727,727.00 
波司登百搭冬季女中老年妈妈装中长款大毛领保暖羽绒服B1601344,899,2028,评价: 727,727.00 
波司登2017新品妈妈款短款女士加肥大码中老年装羽绒服B70141022B,719,3504,评价: 701,701.00 
BSD波司登冬女士修身中长款轻薄90%鹅绒简约羽绒服B1601064,598,1766,评价: 698,698.00 
波司登貉子毛大毛领中长款羽绒服防寒外套双排扣修身大衣B1401164,449,2860,评价: 684,684.00 
波司登冬商务服休闲中长款男士连帽都市保暖羽绒服反季B1601109Q,899,1684,评价: 683,683.00 
波司登保暖加肥大码宽松连帽短款欧美羽绒服女反季清仓B1501092B,398,2119,评价: 681,681.00 
BSD波司登冬季百搭女中长款连帽气质修身简约羽绒服B1601298,699,1634,评价: 680,680.00 
波司登纯色男士户外中长款保暖韩版时尚外套连帽羽绒服B1601151,799,1595,评价: 679,679.00 
波司登男短款直筒纯色青年时尚都市保暖休闲绅士羽绒服B1601229,699,1732,评价: 661,661.00 
波司登清仓中长款女装欧美连帽修身显瘦外套羽绒服 女 潮B1401124,299,1774,评价: 657,657.00 
BSD波司登中长款欧美大气宽松连帽羽绒服女款外套B1401120,349,2380,评价: 656,656.00 
BSD波司登连帽纯色羽绒服保暖女中长款时尚休闲外套B1501220,549,1656,评价: 648,648.00 
波司登冬季时尚运动清仓纯色青年连帽男士羽绒服户外街头B1601139,566,1697,评价: 645,645.00 
BSD波司登韩版宽松斗篷毛条皮草毛领羽绒服女休闲外套B1501128,688,1759,评价: 642,642.00 
BSD波司登商务男款立领短款冬季男士保暖服羽绒服B1601101,629,1683,评价: 642,642.00 
BSD波司登冬季加厚时尚大毛领中长款户外宽松羽绒服B1501180,659,1564,评价: 639,639.00 
波司登羽绒服mm韩版简约时尚中长款女外套连帽反季清仓B1401106X,299,2840,评价: 638,638.00 
BSD波司登羽绒服男街头休闲毛领中长款连帽羽绒衣B1301069,355,2556,评价: 634,634.00 
波司登轻薄薄款冬季外套撞色韩版男连帽运动短款羽绒服B1501021,299,2352,评价: 630,630.00 
波司登简约百搭冬季轻薄羽绒服男连帽羽绒衣外套反季清仓B1601015,448,1484,评价: 630,630.00 
波司登2017新品短款男款保暖时尚休闲欧美男装潮羽绒服B70141023,799,2575,评价: 622,622.00 
bosideng波司登2017中长款轻羽绒连帽女生羽绒服 潮流B70132110,539,2016,评价: 620,620.00 
波司登反 季 清仓女款甜美气质短款皮草毛领斗篷型羽绒服B1501170,523,1897,评价: 614,614.00 
波司登90%鹅绒通勤中长款西装领女羽绒服潮B1601060,498,1850,评价: 607,607.00 
波司登2017新款狐狸毛修身百搭中老年款短款羽绒服B70141042BWT,898,2766,评价: 600,600.00 
BSD波司登潮女简约时尚保暖女连帽短羽绒服羽绒衣B1501090,398,1908,评价: 596,596.00 
BSD波司登羽绒服女时尚中长款加厚修身外套大衣B1301218,358,1765,评价: 586,586.00 
波司登2017新品女士中长款冬装时尚连帽运动保暖羽绒服B70141010,799,2345,评价: 585,585.00 
波司登男士运动气质撞色短款青年时尚保暖连帽防寒羽绒服B1601135,484,1551,评价: 582,582.00 
波司登短款修身羊羔绒连帽清新休闲保暖外套反季清仓B1301122,279,1521,评价: 570,570.00 
【预售】波司登2017新款冬季短款时尚短款潮轻薄羽绒服女B1701522,239,1645,评价: 562,562.00 
BSD波司登女士甜美通勤貉子毛中长款羽绒服B1501150,679,1260,评价: 561,561.00 
波司登字母图案O型女短款欧美街头茧型羽绒服潮B1601038,398,1568,评价: 558,558.00 
波司登貉子大毛领修身腰带女士羽绒服yrf女 外套反季清仓B1401148,349,2341,评价: 554,554.00 
【预售】波司登2017新款鹅绒运动大毛领韩版加厚羽绒服B70142018,1699,1571,评价: 553,553.00 
波司登冬时尚休闲连帽女士中长款保暖简约羽绒服反季清仓B1601260,799,1278,评价: 551,551.00 
波司登2017新款帽子短款时尚休闲外套保暖户外羽绒服男B70141025,799,2617,评价: 547,547.00 
波司登修身通勤黑色大毛条女短款加厚羽绒服反季B1501202,549,1722,评价: 544,544.00 
BSD波司登羽绒服防寒 女时尚修身大毛领中老年B1301188,279,2099,评价: 534,534.00 
BSD波司登欧美男士时尚简约修身保暖中长款羽绒服潮B1301113,398,3887,评价: 533,533.00 
波司登大毛领女韩版女款宽松A版韩版保暖毛领冬季羽绒服B1601130,899,1608,评价: 530,530.00 
波司登羽绒服连帽青年男装简约时尚外套薄款羽绒衣反季B1501019,299,1939,评价: 530,530.00 
BSD波司登2017新款秋羽绒中长款立领时尚轻薄羽绒服女B70131104,499,1998,评价: 529,529.00 
波司登时尚都市气质冬季男士短款连帽百搭羽绒服男装反季B1601145,647,1424,评价: 526,526.00 
BSD波司登2017新款时尚中长款羽绒服冬韩版外套男B70142515,898,2209,评价: 523,523.00 
波司登2017秋季时尚轻薄中长款连帽运动服少女羽绒服女B70132004,629,1970,评价: 521,521.00 
波司登连帽纯色冬季保暖羽绒服女式外套中长款反季清仓B1301162,359,1647,评价: 518,518.00 
BSD波司登冬季男士百搭大毛帽直摆款防寒加厚羽绒服B1501139,688,1282,评价: 516,516.00 
波司登2017新品貉子毛领修身加大码妈妈装中款羽绒服女B70141046B,898,3033,评价: 515,515.00 
波司登连帽百搭女式连帽保暖运动休闲青年街头羽绒服冬B1601182,629,1228,评价: 511,511.00 
BSD波司登防寒外套冬大毛领军工装女中长款羽绒服B1501114,598,1361,评价: 510,510.00 
BSD波司登轻薄女加大加肥短款大码羽绒服外套蓄热B1501020XB,279,1891,评价: 503,503.00 
波司登宽松时尚男保暖时尚中长款貉子毛冬季商务羽绒服B1601175,799,1541,评价: 489,489.00 
BSD波司登冬季保暖短款宽松甜美气质通勤 羽绒服女B1501200,449,1459,评价: 488,488.00 
波司登2017新款轻薄羽绒服女中长款风衣B70132130,799,1639,评价: 485,485.00 
波司登冬保暖中长款收腰修身女狐狸毛纯色时尚女式羽绒服B1601246,989,1419,评价: 479,479.00 
波司登女士毛领中长款修身显瘦羽绒服带毛领B1301288S,289,1334,评价: 475,475.00 
波司登加大妈妈女罗纹领大码背心内穿马甲花色无袖羽绒B1501606B,149,1480,评价: 469,469.00 
【预售】波司登2017新款迪士尼系列米奇连帽时尚羽绒服B70142168D,899,1397,评价: 464,464.00 
波司登2017新品加拿大风中长款大毛领女款白鹅绒羽绒服B70142012,1699,2033,评价: 462,462.00 
BSD波司登时尚修身轻薄欧洲站OL款羽绒服女短款外套B1401022,219,1199,评价: 454,454.00 
BSD波司登羽绒服户外带毛领男街头休闲时尚韩版短款B1301063,379,1653,评价: 448,448.00 
波司登2017新款白鹅绒加厚大毛领过膝长款户外羽绒服男B70142025V,1799,2139,评价: 447,447.00 
【预售】波司登2017新款长款羽绒服B70142016,1799,1411,评价: 445,445.00 
波司登羽绒衣粉女款大毛领宽松时尚中长款羽绒服反季清仓B1501154,688,1270,评价: 439,439.00 
波司登冬季羽绒服女连帽修身腰带大毛领外套兔毛领收腰B1301184,269,1821,评价: 437,437.00 
波司登2017新款男士轻薄短款立领百搭男士时尚羽绒马甲B70131007,259,1452,评价: 435,435.00 
BSD波司登羽绒服女撞色相色连帽学生青年时尚短款潮B1401058,269,1359,评价: 435,435.00 
【预售】波司登2017秋季短款连帽男士时尚男装羽绒服B70131001,359,1134,评价: 434,434.00 
BSD波司登百搭貉子毛冬季加厚修身气质毛领女羽绒服B1501214,688,1358,评价: 433,433.00 
波司登2017新款中长款直筒百搭时尚连帽潮轻薄羽绒服女B70131102,539,1589,评价: 430,430.00 
【预售】波司登2017新款短款连帽户外保暖时尚羽绒服男B70141103,799,1189,评价: 430,430.00 
波司登2017新款薄羽绒时尚短款连帽轻薄休闲男士羽绒服B70131013,359,1576,评价: 427,427.00 
BSD波司登腰带大毛领中长款羽绒服女外套修身冬装B1501212,549,1187,评价: 427,427.00 
波司登2017立领直筒时尚薄款羽绒马甲女短款B70132012,359,1527,评价: 426,426.00 
波司登2017新品运动短款时尚冬季户外保暖男士羽绒服潮B70142001,799,1698,评价: 425,425.00 
波司登女冬季女款加长大毛领长款欧美简约保暖加厚羽绒服B1601270,989,1131,评价: 425,425.00 
BSD波司登学院风女款中长款羽绒服外套大衣反季清仓B1301118,269,1126,评价: 419,419.00 
BSD波司登连帽个性通勤直筒长款女休闲时尚羽绒服B1601126,799,1285,评价: 417,417.00 
波司登2017新品加拿大风中长款大毛领女士运动款羽绒服B70142024,1799,1895,评价: 410,410.00 
波司登2017新款时尚中款迷彩运动男士羽绒服潮B70142505,799,1841,评价: 410,410.00 
波司登羽绒服 男 冬季气质男士工装保暖外套立领短款上衣B1401049,356,1426,评价: 407,407.00 
波司登冬季羽绒服保暖韩版加厚女款中长款羽绒衣反季清仓B1501080,449,1194,评价: 401,401.00 
BSD波司登毛呢獭兔立领中长风衣羽绒服保暖防寒服男B1401129,565,1379,评价: 401,401.00 
BSD波司登加肥韩版女轻薄羽绒服短款大码纯色外套B1501022B,299,1407,评价: 400,400.00 
BSD波司登BSD保暖斗篷毛条连帽中长款百搭羽绒服女B1501174,598,1594,评价: 399,399.00 
BSD波司登气质提花时尚短款立领女款羽绒服反季B1401086,299,1248,评价: 395,395.00 
波司登带毛领男青年保暖服冬季百搭外套羽绒服反季清仓B1601249,699,1082,评价: 395,395.00 
BSD波司登春季韩版少女中长款修身服 白 羽绒服长袖B1401090,299,1164,评价: 394,394.00 
波司登冬季男装立领时尚保暖防寒服羽绒服B1601211,899,872,评价: 390,390.00 
波司登防寒羽绒服羊羔毛通勤女大码短款外套上衣反季清仓B1401112,299,1167,评价: 389,389.00 
BSD波司登修身羽绒服女中老年羽绒衣妈妈装大毛领B1301186,359,1105,评价: 388,388.00 
BSD波司登2017秋冬新款百搭时尚立领轻型羽绒马甲女潮B70131004,233,1421,评价: 385,385.00 
波司登2017新品连帽纯色户外保暖中长款保暖男士羽绒服B70142119,898,1592,评价: 379,379.00 
波司登2017新品中长款男款连帽保暖休闲时尚外套羽绒服B70141107,898,1679,评价: 376,376.00 
波司登新品男士中长款防寒服保暖外套冬季羽绒服B1601241,798,877,评价: 376,376.00 
波司登女士冬装 外套防寒连帽 斗篷宽松短款韩版羽绒服B1501068,398,974,评价: 372,372.00 
BSD波司登撞色羽绒服 立领男时尚短款上衣外套 青年B1301149,398,1066,评价: 369,369.00 
波司登2017新品休闲保暖北方染色毛领修身长款厚羽绒服B70141072,1349,1617,评价: 366,366.00 
波司登带毛领时尚保暖撞色拼接男士羽绒服外套反季清仓B1501131J,598,1154,评价: 363,363.00 
波司登o型保暖女款冬季短款时尚气质个性连帽纯色羽绒服B1601520,629,774,评价: 360,360.00 
波司登甜美公主风欧根纱中长款羽绒服女反季清仓B1401088,299,1791,评价: 354,354.00 
BSD波司登保暖气质中长款连帽多口袋女士羽绒服外套B1501208,549,1145,评价: 352,352.00 
BSD波司登中长款修身羽绒服女貉子毛领收腰冬装B1401168,449,1033,评价: 350,350.00 
波司登百搭时尚休闲轻薄羽绒服连帽简约短款外套 女上衣B1401036F,219,920,评价: 350,350.00 
波司登2017新款短款韩版休闲个性羽绒服女B70142502,629,1322,评价: 349,349.00 
波司登 羽绒衣 保暖女士大毛领加厚中长款羽绒服反季清仓B1501278,998,829,评价: 346,346.00 
波司登保暖时尚女连帽欧美宽松中长款羽绒服反季清仓B1501078,498,948,评价: 345,345.00 
波司登男士时尚两面穿保暖羽绒服简约清仓立领反季清仓B1301047,269,814,评价: 343,343.00 
波司登2017新品狐狸毛领中款修身加肥大码女羽绒服B70141046BWL,1169,1746,评价: 341,341.00 
波司登2017新款冬季短款商务立领休闲时尚外套羽绒服男B70141003,898,1445,评价: 340,340.00 
波司登冬季中长款显瘦甜美时尚大毛领羽绒服女B1601234,899,868,评价: 336,336.00 
BSD波司登冬季羽绒服女短毛领花纹甜美羊羔毛外套B1401104,299,1264,评价: 335,335.00 
波司登女式长款保暖个性纯色菱形冬季连帽时尚羽绒服清仓B1601250,799,759,评价: 335,335.00 
BSD波司登2017新品时尚中长款时尚女装羽绒服B70142518,559,1371,评价: 334,334.00 
波司登保暖澳洲羊毛中长款通勤女装羽绒服修身反季清仓B1401102,299,922,评价: 331,331.00 
波司登保暖欧美街头加长轻薄秋季羽绒服时尚长款羽绒衣B1601052,558,1002,评价: 330,330.00 
波司登反光条中长款连帽韩版外套时尚运动女士 羽绒服潮B1601192,699,727,评价: 330,330.00 
波司登大毛领收腰羽绒服加厚款女时尚修身连帽短款外套潮B1401154,299,1021,评价: 329,329.00 
BSD波司登轻薄女式时尚90%白鹅绒简约长款羽绒服潮B1601068,598,787,评价: 329,329.00 
BSD波司登2017新品短款图案保暖外套运动羽绒服男B70142501,599,1289,评价: 327,327.00 
波司登貉子毛女时尚短款毛领羽绒服保暖服冬季羽绒衣清仓B1601108,699,737,评价: 327,327.00 
波司登2017秋冬百搭新款轻薄连帽薄羽绒服女 轻 短款潮B70131002,399,915,评价: 326,326.00 
波司登羊羔毛领冬装中长款羽绒服女大衣保暖外套B1401114,349,1022,评价: 324,324.00 
波司登羽绒服女修身显身材白色貉子毛领中长款B1301224,364,973,评价: 322,322.00 
BSD波司登冬季保暖大毛领连帽中长款羽绒服女外套B1501136,659,965,评价: 322,322.00 
波司登冬装潮流女中长款宽松时尚韩版休闲街头女装羽绒服B1601532,629,863,评价: 316,316.00 
波司登2017新款连帽保暖时尚加长冬季中长款女士羽绒服B70141104V,898,1420,评价: 315,315.00 
【预售】波司登2017新款轻羽绒保暖轻薄女士短羽绒服B70131008,359,876,评价: 313,313.00 
波司登2017新款貉子毛韩版时尚保暖修身中长款羽绒服女B70141060,898,1453,评价: 310,310.00 
波司登商场同款保暖清仓女士时尚棒球短款防寒羽绒服外套B1501072,549,847,评价: 308,308.00 
波司登女商场同款保暖冬季A版连帽韩版通勤个性羽绒服B1601250N,699,764,评价: 308,308.00 
波司登不规则下摆女士中长款韩版连帽保暖中长款羽绒服B1601150N,699,807,评价: 307,307.00 
波司登2017新品短款时尚精品男装冬季保暖运动羽绒服男B70141105,898,1040,评价: 304,304.00 
波司登冬季冬季貉子毛领中长款女士时尚气质保暖羽绒服B1601254N,1099,787,评价: 304,304.00 
波司登秋季运动连帽男士荧光反光轻薄款短款简约羽绒服B1601029X,448,683,评价: 301,301.00 
BSD波司登轻型羽绒服女款小短款外套棒球服运动反季B1401026,219,944,评价: 299,299.00 
BSD波司登潮流女士羽绒服太空棉绣花不规则下摆大衣B1501060,479,1074,评价: 298,298.00 
波司登2017新品冬款运动连帽中长款女士韩版保暖羽绒服B70142108,799,1064,评价: 297,297.00 
波司登2017新品貉子毛修身中长款连帽百搭女款冬羽绒服B70141006,1079,1343,评价: 297,297.00 
BSD波司登白鹅绒2017加长立领秋女士轻薄羽绒服B70133006V,799,1283,评价: 296,296.00 
波司登商务款基础款外套立领男士简约休闲百搭保暖羽绒服B1601193,699,750,评价: 295,295.00 
波司登2017新品保暖连帽长款时尚韩版羽绒服女B70142556,1079,1233,评价: 293,293.00 
波司登加长时尚鹅绒女直筒长款轻薄优雅羽绒服B1601072,598,959,评价: 292,292.00 
波司登男士秋冬羽绒衣棒球领时尚棒球服短款运动羽绒服B1601505,499,725,评价: 290,290.00 
波司登2017新款秋羽绒时尚气质短款连帽女款便携羽绒服B70131110,413,1087,评价: 281,281.00 
波司登貉子毛商场同款简约时尚保暖女连帽短款羽绒服外套B1501172,549,770,评价: 277,277.00 
波司登女款羽绒衣简约女中长款大毛领宽松保暖冬季羽绒服B1601242,899,903,评价: 275,275.00 
波司登男士西装领短款外套时尚羽绒服男反季B1501029,258,823,评价: 275,275.00 
波司登冬季百搭春季男款中长款轻薄时尚立领羽绒服反季B1601019,358,822,评价: 274,274.00 
波司登2017新款貉子毛修身时尚女款冬季中长款羽绒服潮B70141004,1079,1104,评价: 273,273.00 
波司登2017新款秋季短款连帽薄款直筒轻薄流行羽绒服女B70132006,449,952,评价: 273,273.00 
波司登2017新款冬季休闲运动保暖短款女士连帽羽绒服潮B70142174,629,1029,评价: 272,272.00 
波司登2017新品中长款貉子毛男款长款保暖休闲羽绒服潮B70141111,1169,1166,评价: 270,270.00 
波司登2017新款加肥加大连帽短款轻薄时尚女士羽绒服B70131012B,399,686,评价: 270,270.00 
波司登2017新品轻型连帽运动直筒百搭马夹羽绒马甲男 B70131005,259,774,评价: 269,269.00 
【预售】波司登2017新款时尚休闲女士羽绒服B70142010V,999,623,评价: 269,269.00 
波司登2017新品迪士尼系列米奇运动时尚男士羽绒服潮B70142103D,1079,887,评价: 267,267.00 
BSD波司登收腰修身显瘦防寒女士毛领中长款羽绒服B1401158Y,449,776,评价: 264,264.00 
BSD波司登2017新品时尚男款保暖冬季厚款羽绒服B70142503,699,1321,评价: 263,263.00 
BSD波司登中长款羽绒服女腰带气质修身保暖反季清仓B1301222,399,622,评价: 257,257.00 
BSD波司登保暖ol气质欧美宽松通勤冬季中长款羽绒服B1501210,598,779,评价: 257,257.00 
【预售】波司登2017新款中长款獭兔毛领商外套羽绒服男B70141029,989,740,评价: 257,257.00 
波司登2017新品短款立领时尚男装保暖男款商务羽绒服B70141101,799,1053,评价: 256,256.00 
BSD波司登2017新款轻薄立领直筒外套时尚羽绒服男B70131101,539,1017,评价: 255,255.00 
波司登2017新款秋冬中长款休闲运动女士羽绒服B70132008,629,966,评价: 253,253.00 
波司登2017新品鹅绒中长款运动户外貉子大毛领羽绒服女B70142014,1699,919,评价: 251,251.00 
波司登2017新款长款撞色毛领时尚羽绒服女韩版B70142524,1259,1222,评价: 249,249.00 
波司登2017新款冬短款兔毛领立领保暖时尚商务羽绒服男B70141005,1079,1100,评价: 249,249.00 
波司登2017年新款男士中长款连帽厚款羽绒服外套B70141109,898,1066,评价: 249,249.00 
【预售】波司登2017新品加拿大风中长款运动款女羽绒服B70142024,1799,738,评价: 248,248.00 
波司登2017新品欧美时尚运动连帽加长保暖中长款羽绒服B70142003V,989,1189,评价: 244,244.00 
波司登加厚拼接保暖青年时尚短款羽绒服女外套潮B1401130,299,1150,评价: 244,244.00 
BSD波司登潮冬季简约户外连帽时尚运动休闲女羽绒服B1601310,699,585,评价: 244,244.00 
BSD波司登商务男装冬男士立领短款撞色拼接羽绒服B1501117,598,864,评价: 242,242.00 
波司登冬中长款通勤连帽纯色休闲淑女时尚羽绒服宽松0型B1601528,699,710,评价: 241,241.00 
BSD波司登冬季中长款男大毛领撞色羽绒服反季清仓B1501071,899,732,评价: 240,240.00 
波司登2017秋季百搭女装外套显瘦女中长款立领羽绒服潮B70131108,539,971,评价: 239,239.00 
【预售】波司登2017新品迪士尼系列米奇冬中长款羽绒服B70142170D,1079,650,评价: 239,239.00 
波司登2017新款中长款毛领保暖冬季防寒服时尚羽绒服男B70141027J,989,936,评价: 238,238.00 
BSD波司登冬连帽直筒男士保暖运动百搭无痕面料羽绒服B1601143,799,584,评价: 238,238.00 
波司登2017新款短款纯色运动外套男韩版保暖青年羽绒服B70142137,799,871,评价: 237,237.00 
【预售】波司登2017新品羽绒服B70142012,1699,615,评价: 233,233.00 
BSD波司登2017新款中长款撞色落肩袖女羽绒服B70142510,599,1214,评价: 232,232.00 
BSD波司登字母长款正反两面穿个性过膝加长羽绒服B1601508,598,615,评价: 232,232.00 
波司登白鹅绒2017直筒时尚长款保暖立领羽绒马甲女秋冬B70133014,629,895,评价: 230,230.00 
BSD波司登简约时尚保暖连帽短款撞色运动女款羽绒服B1601186,558,546,评价: 227,227.00 
波司登羽绒服 女貉子毛领撞色中长款简约大衣反季清仓B1401186,498,563,评价: 226,226.00 
波司登2017新款直筒保暖时尚貉子毛中长款女毛领羽绒服B70141110,1079,868,评价: 224,224.00 
波司登2017新品妈妈款貉子毛短款女款加肥加大羽绒服女B70141062B,799,957,评价: 222,222.00 
波司登2017新款户外鸭绒保暖冬长裤羽绒裤条纹运动裤潮B70142030,449,849,评价: 218,218.00 
波司登保暖冬季清仓 商务休闲撞色拼接男装中长款羽绒服B1501153,649,672,评价: 216,216.00 
BSD波司登 羽绒服羊羔毛连帽A版女时尚都市鸭绒B1301160,269,697,评价: 212,212.00 
BSD波司登腰带加厚大毛领修身收腰冬女中长款羽绒服B1501218,598,627,评价: 212,212.00 
波司登女士轻薄秋季立领小西装潮轻型羽绒服欧美短款反季B1501044,342,687,评价: 210,210.00 
BSD波司登棒球服男士 保暖冬季皮影脸谱羽绒服短款B1501055,598,568,评价: 204,204.00 
波司登2017新款青年时尚长款连帽轻薄羽绒服男B70132115,898,616,评价: 202,202.00 
波司登商务獭兔毛男士保暖防寒撞色羽绒服反季清仓B1501111,659,483,评价: 200,200.00 
波司登2017新款冬季短款立领保暖时尚休闲外套羽绒服男B70141053,898,894,评价: 198,198.00 
波司登2017新款连帽保暖休闲中长款羽绒服厚冬季外套女B70142124,799,766,评价: 196,196.00 
BSD波司登北方男士中长款军工装户外宽松休闲羽绒服B1501155,759,458,评价: 196,196.00 
波司登2017新品貉子毛短款修身女士羽绒服保暖冬装外套B70141058,799,826,评价: 194,194.00 
波司登 女秋冬新款2017 短款连帽羽绒马甲运动羽绒服潮B70131006,259,550,评价: 194,194.00 
波司登2017新品中款女士休闲保暖冬季羽绒衣厚款羽绒服B70141016,799,561,评价: 185,185.00 
BSD波司登2017秋羽绒长款连帽甜美女士加长羽绒服B70132004V,639,826,评价: 184,184.00 
波司登白鹅绒2017女款商场同款时尚中长羽绒马甲鹅绒服B70133012,629,603,评价: 182,182.00 
BSD波司登羽绒服撞色商务立领短款气质冬装男外套B1401101,459,698,评价: 182,182.00 
波司登羽绒服女狐狸毛领中长款修身冬女士羽绒衣反季清仓B1401226,898,679,评价: 178,178.00 
BSD波司登大毛领中长款女款貉子毛简约直筒厚外套B1601252N,799,434,评价: 178,178.00 
波司登2017新款迪士尼系列宽松韩版中长款羽绒服女潮B70142166D,898,615,评价: 176,176.00 
BSD波司登羽绒服女毛领修身中长款外套反季清仓B1401146Y,349,577,评价: 176,176.00 
波司登撞色迷彩外套图案时尚羽绒服男韩版修身棒球服潮B1501023P,398,632,评价: 176,176.00 
BSD波司登 羽绒服 冬季 女式时尚拼接修身中长款 B1301416,398,654,评价: 175,175.00 
波司登2017新款短款羊卷毛领立领商务休闲保暖羽绒服男B70141007,898,649,评价: 173,173.00 
BSD波司登北方冬季大毛领男士中长款加厚羽绒服B1501075,688,538,评价: 172,172.00 
波司登2017新款中长款立领精品韩范百搭时尚女士羽绒服B70132102,539,750,评价: 168,168.00 
波司登加长过膝外套轻型连帽时尚直筒长款女士羽绒服潮B1601042,558,496,评价: 168,168.00 
波司登女款中长款修身显瘦带腰带气质保暖羽绒服反季清仓B1401228,898,509,评价: 167,167.00 
BSD波司登冬季收腰女装连帽时尚显瘦中长款羽绒服女B1501102,539,536,评价: 165,165.00 
波司登短款撞色拼接带帽拉链运动女士百搭羽绒服反季清仓B1501206,449,460,评价: 164,164.00 
波司登运动撞色短款立领男士简约轻薄羽绒服潮反季外套B1501027,299,686,评价: 162,162.00 
波司登简约保暖冬季时尚休闲短款女士连帽羽绒服反季清仓B1501404,349,473,评价: 162,162.00 
波司登2017新品貉子毛冬季中长款女毛领修身韩版羽绒服B70141050,1169,747,评价: 161,161.00 
BSD波司登时尚潮流大毛领女款韩版宽松A版羽绒服B1501156,659,402,评价: 161,161.00 
波司登2017新款加长保暖时尚超长款韩版外套男士羽绒服B70142133,1169,808,评价: 160,160.00 
BSD波司登中长款毛领时尚收腰修身羽绒服女欧美防寒B1301288,298,440,评价: 160,160.00 
波司登2017新品长款连帽休闲男士外套保暖防寒羽绒服男B70141113,1079,742,评价: 157,157.00 
波司登2017新款秋季短款立领休闲运动帅气马甲羽绒马夹B70132011,413,605,评价: 157,157.00 
波司登拆卸毛领中长款时尚休闲毛领宽松韩版冬季女羽绒服B1601226,899,414,评价: 154,154.00 
波司登2017新款貉子毛中长款大毛领过膝长款女士羽绒服B70141126V,1169,674,评价: 153,153.00 
波司登2017新品短款立领男款保暖防寒服商务休闲羽绒服B70141001,898,675,评价: 152,152.00 
波司登2017新品加拿大风白鹅绒中长款毛领加厚羽绒服男B70142021,1799,729,评价: 151,151.00 
波司登2017新品中长款毛领男士户外防寒服时尚羽绒服B70141031J,1079,726,评价: 151,151.00 
BSD波司登2017新款迪士尼米奇时尚宽松羽绒服女B70132108D,719,601,评价: 151,151.00 
波司登2017新款貂毛毛球中长款韩版冬季保暖厚款羽绒服B70141154,898,630,评价: 149,149.00 
波司登2017新款中长款保暖男款羽绒服B70142509,898,749,评价: 146,146.00 
波司登2017新款运动字母鸭绒保暖冬款长裤羽绒裤厚裤子B70142032,449,668,评价: 146,146.00 
波司登时尚百搭连帽羽绒服长 女 过膝 保暖冬季外套加长B1601512,558,488,评价: 145,145.00 
BSD波司登A字型加厚大毛领中长款拼接羽绒服女装B1401142,398,676,评价: 145,145.00 
【预售】波司登2017新品貉子毛修身羽绒服B70141046B,898,424,评价: 145,145.00 
波司登2017新款保暖时尚长厚百搭休闲黑裤子羽绒裤子B70141041,449,684,评价: 143,143.00 
波司登2017新品冬季保暖长款大毛领过膝长款羽绒服潮B70142144V,1169,668,评价: 142,142.00 
波司登男商务立领短款保暖青年外套冬季羽绒服B1601195,749,386,评价: 142,142.00 
波司登百搭立领时尚轻薄修身蓄热保暖女短款通勤羽绒服B1601026X,398,398,评价: 141,141.00 
【预售】波司登2017新款秋羽绒中款羽绒服女B70132130,699,367,评价: 140,140.00 
【预售】波司登2017新款帽子短款时尚保暖户外羽绒服男B70141025,799,357,评价: 139,139.00 
波司登2017新款貉子毛修身加肥大码中长款保暖羽绒服B70141012B,1079,599,评价: 138,138.00 
波司登2017新款迪士尼系列欧美潮流中长款男士羽绒服潮B70142109D,1169,548,评价: 137,137.00 
【预售】波司登2017新品中长款男款连帽时尚外套羽绒服B70141107,898,379,评价: 137,137.00 
波司登韩版修身街头短款落肩袖轻薄欧美时尚西装领羽绒服B1601044,358,351,评价: 136,136.00 
波司登机车系列90%白鹅绒短款冬季防寒服保暖连帽羽绒服B1601321,647,343,评价: 135,135.00 
波司登大毛领潮人狐狸毛冬季时尚保暖图案贴标羽绒服女款B1601148,1079,334,评价: 135,135.00 
波司登2017新品冬运动休闲长款连帽时尚女士加长羽绒服B70142008V,1079,630,评价: 134,134.00 
波司登2017新品貉子毛修身中长款带毛领过膝羽绒服女B70141146V,1079,508,评价: 133,133.00 
波司登白鹅绒2017新款长款立领加长羽绒服B70133002V,719,534,评价: 132,132.00 
波司登时尚街头加长保暖气质可脱卸七彩毛领长款羽绒服 B1601552,1399,370,评价: 132,132.00 
波司登白鹅绒2017新款中长款保暖男款羽绒服B70133003,799,558,评价: 130,130.00 
波司登拉链轻型女装防寒镶钻轻薄甜美短款公主风女羽绒服B1501040,499,607,评价: 129,129.00 
BSD波司登白鹅绒2017长款连帽超长过膝女士羽绒服B70133022,799,440,评价: 129,129.00 
波司登韩版休闲撞色立领男士羽绒服冬男短款修身外套保暖B1501035,329,399,评价: 129,129.00 
波司登2017新款少女羽绒衣连帽运动薄羽绒服女 轻 短款B70132002,449,428,评价: 128,128.00 
波司登貉子毛宽松保暖耐寒抗冻户外羽绒服女外套反季清仓B1401712,349,464,评价: 128,128.00 
波司登2017新款冬季大毛领帽女士织带中长款羽绒服潮B70142138V,1079,509,评价: 127,127.00 
波司登羽绒衣迪士尼米奇系列撞色男士青年棒球服羽绒服B1601117,799,367,评价: 124,124.00 
波司登翻领防寒简约短款休闲连帽显瘦女士羽绒服反季清仓B1501204,449,366,评价: 124,124.00 
【预售】波司登2017新款狐狸毛修身百搭短款羽绒服B70141042BWT,898,367,评价: 124,124.00 
波司登秋季连帽羽绒服男轻薄中长款休闲薄款百搭保暖外套B1601043,598,300,评价: 121,121.00 
波司登 羽绒服收腰修身OL貉子大毛领中长款腰带反季清仓B1401230,498,367,评价: 120,120.00 
【预售】波司登2017新品妈妈款短款女士加肥大码羽绒服B70141022B,719,375,评价: 120,120.00 
波司登2017新款冬长款时尚连帽保暖外套休闲男款羽绒服B70141035,1199,555,评价: 119,119.00 
BSD波司登瑞丽通勤个性甜美羽绒服女装短款ol外套潮B1401078,269,461,评价: 119,119.00 
波司登2017新品精品冬季新品宽松短款外套女款羽绒服潮B70141116,719,421,评价: 118,118.00 
BSD波司登2017新品连帽男装中长款时尚保暖羽绒服B70142525,1199,509,评价: 117,117.00 
波司登2017新款迪士尼系列女款短款立领马甲B70132114D,359,563,评价: 116,116.00 
波司登白鹅绒2017新款短款立领时尚轻薄男士羽绒马甲B70133009,499,407,评价: 116,116.00 
波司登2017新品迪士尼系列韩版短款连帽时尚羽绒服女B70142162D,799,433,评价: 115,115.00 
波司登2017新款白鹅绒男士轻薄羽绒服短款休闲冬装外套B70136083,698,360,评价: 114,114.00 
波司登2017新款百搭直筒立领女士 中长羽绒服B70131116,539,538,评价: 113,113.00 
波司登白鹅绒2017新款商场同款轻薄精品中长羽绒服女B70133016,629,448,评价: 113,113.00 
波司登2017新款迪士尼图案男款轻薄棒球服短款羽绒服B70132119D,719,349,评价: 113,113.00 
波司登2017新品迪士尼系列显瘦中长款羽绒服女B70142520D,799,590,评价: 112,112.00 
波司登2017新款男款棒球服轻薄简约百搭羽绒服B70132105,629,386,评价: 112,112.00 
波司登2017新款商场同款羽绒短款便携式立领轻羽绒服男B70132013,539,464,评价: 111,111.00 
【预售】波司登2017新款貉子毛韩版时尚中长款羽绒服女B70141060,898,375,评价: 111,111.00 
波司登2017新款轻羽绒连帽时尚秋季保暖羽绒服B70131118,719,460,评价: 110,110.00 
波司登2017新款欧美时尚休闲保暖简约短款女宽松羽绒服B70141102,719,387,评价: 110,110.00 
波司登2017新品白鹅绒连帽户外时尚保暖男士时尚羽绒服B70146171,1079,407,评价: 109,109.00 
BSD波司登2017新品时尚中长款连帽女羽绒服B70142508,799,448,评价: 106,106.00 
波司登2017新品中长款韩版连帽时尚保暖休闲女士羽绒服B70141132,898,416,评价: 106,106.00 
【预售】波司登2017新品狐狸毛领中款大码女羽绒服B70141046BWL,1169,309,评价: 106,106.00 
波司登2017新款白鹅绒中长款大貉子毛领加厚男款羽绒服B70142017,1799,332,评价: 105,105.00 
BSD波司登BSD 羽绒服 女修身收腰大毛领中长款 B1301232,459,354,评价: 104,104.00 
波司登运动款反光条蓄热科技款女式保暖短款连帽羽绒服B1601024X,439,275,评价: 102,102.00 
波司登羽绒衣直筒通勤字母女中长款连帽时尚休闲羽绒服B1601524,699,243,评价: 102,102.00 
波司登2017新品迪士尼系列潮宽松欧洲站中长款羽绒服女B70142188D,989,358,评价: 100,100.00 
波司登2017新品冬直筒保暖短款兔毛男士商务时尚羽绒服B70141009,1079,431,评价: 99,99.00 
波司登2017新品迪士尼米奇系列时尚中长款冬羽绒服女潮B70142186D,989,362,评价: 99,99.00 
【预售】波司登2017新品欧美连帽加长保暖中长款羽绒服B70142003V,989,306,评价: 99,99.00 
波司登2017新款冬装男外套纯色休闲连帽长款羽绒服潮B70142009VL,1079,506,评价: 98,98.00 
波司登2017新款保暖厚款男士外套青年中长款毛领羽绒服B70142111,1099,370,评价: 98,98.00 
【预售】bosideng波司登2017立领薄款羽绒马甲女短款B70132012,339,290,评价: 98,98.00 
波司登2017新款冬季长款大毛领直筒韩版女款羽绒服长B70142104V,1439,392,评价: 96,96.00 
波司登大毛领长款O型宽松女士冬季保暖北方毛领羽绒服潮B1601276,989,219,评价: 93,93.00 
波司登连帽街头韩版女式短款羽绒服保暖休闲气质羽绒衣B1601536,568,245,评价: 93,93.00 
波司登2017新款秋冬款裤子外穿厚款宽松羽绒裤冬B70141054,449,696,评价: 92,92.00 
波司登2017新款中款羊卷毛领商务休闲男款冬外套羽绒服B70141049,989,466,评价: 92,92.00 
波司登2017新款精品女士韩版时尚中长款羽绒服B70132112,719,318,评价: 92,92.00 
【清仓惠】波司登清仓撞色女装时尚毛领中长款羽绒服保暖B1401136,398,267,评价: 92,92.00 
波司登男士街头连帽保暖中长款休闲保暖冬季羽绒服韩版B1601521,989,252,评价: 92,92.00 
【预售】波司登2017新款中长款毛领保暖冬季羽绒服男B70141027J,989,232,评价: 92,92.00 
BSD波司登白鹅绒2017新款短款男士保暖轻薄羽绒服B70133001,719,442,评价: 91,91.00 
波司登淑女泡泡领甜美羽绒服立领短款女款上衣反季清仓B1501098,479,274,评价: 91,91.00 
波司登2017新款长款男款外套保暖冬季户外时尚羽绒服潮B70141117,1099,441,评价: 90,90.00 
波司登棒球服保暖短款潮流花纹青年男棒球领修身羽绒服B1601503,489,201,评价: 90,90.00 
BSD波司登男士美式运动休闲立领棒球服短款百搭羽绒服B1501065,529,240,评价: 89,89.00 
波司登2017秋冬运动时尚轻型欧美薄款羽绒服男B70132005,539,371,评价: 88,88.00 
波司登2017新品白鹅绒立领连帽直筒保暖时尚男士羽绒服B70145185,1259,325,评价: 87,87.00 
波司登2017新品时尚修身男装中长款羽绒服B70142121V,989,422,评价: 85,85.00 
波司登2017秋短款连帽轻薄户外时尚羽绒服男B70132109,539,316,评价: 85,85.00 
波司登2017新品白鹅绒宽松韩版时尚休闲大毛领冬羽绒服B70146232,1529,380,评价: 84,84.00 
波司登清仓冬季男士保暖短款拼接时尚羽绒服保暖羽绒衣潮B1501137,699,239,评价: 83,83.00 
波司登2017新品裤子厚裤子冬季休闲直筒外穿长裤羽绒裤B70141048,449,359,评价: 82,82.00 
波司登2017新品白鹅绒加厚毛领户外男士羽绒服B70142031,1619,213,评价: 82,82.00 
波司登2017新款冬款直筒时尚保暖男士连帽中长款羽绒服B70142119V,989,430,评价: 81,81.00 
波司登2017新品冬季保暖厚中长款羽绒服宽松版潮外套女B70142126,898,392,评价: 81,81.00 
波司登清仓女时尚连帽宽松短款撞色字母羽绒服潮反季清仓B1501062,329,243,评价: 80,80.00 
波司登白鹅绒2017冬款保羽绒服外套男B70133019,898,298,评价: 79,79.00 
波司登2017新款短款连帽便携直筒日系男装潮流羽绒服男B70131109,539,362,评价: 79,79.00 
波司登青年运动时尚轻便冬季棒球服男士羽绒服保暖中长款B1601039,398,239,评价: 79,79.00 
波司登羽绒衣中长款大毛领时尚休闲连帽北方保暖羽绒服B1601109,1079,186,评价: 79,79.00 
波司登2017新品中长款加长保暖冬季韩版时尚外套羽绒服B70142009V,989,479,评价: 76,76.00 
波司登2017新款貉子毛领长款大毛领过膝长款韩版羽绒服B70141014V,1169,301,评价: 76,76.00 
波司登2017新款迪士尼系列时尚轻薄中长款潮羽绒服女B70132122D,719,306,评价: 76,76.00 
波司登2017新品长款大毛领过膝长款个性休闲羽绒服潮B70142138VL,1169,356,评价: 76,76.00 
波司登2017新品户外男装时尚保暖休闲长款男外套羽绒服B70141131,1169,298,评价: 76,76.00 
波司登白鹅绒2017新款欧美时尚女装长款立领女款羽绒服B70133008,898,282,评价: 76,76.00 
【清仓惠】波司登毛领女士时尚中长款腰带保暖 羽绒服B1301290-2,398,826,评价: 76,76.00 
波司登时尚短款棒球衫男士运动迪士尼米奇系列图案羽绒服B1601131,699,148,评价: 75,75.00 
【预售】波司登2017新款冬季短款立领羽绒服男B70141053,898,183,评价: 73,73.00 
【预售】波司登2017新品迪士尼系列米奇运动羽绒服潮B70142103D,999,186,评价: 73,73.00 
波司登2017新款迪士尼米奇系列羽绒服女加长B70132110VD,719,253,评价: 72,72.00 
【预售】波司登2017新款韩版印字时尚休闲个性羽绒服女B70142502,499,150,评价: 72,72.00 
波司登2017新品貉子毛修身保暖冬季厚外套中长款羽绒服B70141008,898,446,评价: 70,70.00 
波司登加厚大毛领保暖商场同款羽绒服女 加厚保暖外套B1601246TG,989,201,评价: 70,70.00 
波司登2017新款个性运动男装中长款羽绒服B70142005,989,297,评价: 68,68.00 
波司登2017新款中长款貉子男士外套休闲羽绒服B70141115,1259,258,评价: 67,67.00 
波司登白鹅绒2017加长过膝女款长款立领时尚羽绒服潮B70133004V,799,298,评价: 66,66.00 
BSD波司登2017新款时尚双面穿印花长款女款羽绒服B70142512,989,260,评价: 66,66.00 
波司登2017新品貉子毛短款女款直筒显瘦百搭休闲羽绒服B70141156,799,255,评价: 64,64.00 
bosideng波司登2017女士轻羽绒中长款立领百搭羽绒服B70131114,593,316,评价: 64,64.00 
波司登白鹅绒2017秋冬新款轻薄中款时尚女士冬季羽绒服B70133018,719,229,评价: 64,64.00 
波司登连帽百搭女连帽时尚宽松大毛领保暖A版韩版羽绒服B1601228,799,190,评价: 64,64.00 
【预售】波司登2017新品长款连帽外套保暖防寒羽绒服男B70141113,999,169,评价: 64,64.00 
波司登2017新品大毛领外套中长款大貉子毛领羽绒服女装B70142128,1079,251,评价: 63,63.00 
【预售】波司登2017新款短款外套男韩版保暖青年羽绒服B70142137,799,157,评价: 63,63.00 
波司登2017新款显瘦女士中长款潮连帽羽绒服潮B70142114,898,229,评价: 62,62.00 
波司登男款外穿机车时尚男士挡风90%白鹅绒羽绒服羽绒衣B1601311,1079,118,评价: 62,62.00 
波司登2017秋冬新款中长款外套轻薄羽绒服男潮B70132003,719,229,评价: 61,61.00 
BSD波司登户外女连帽时尚少女短款糖果色厚羽绒服B1501066,398,209,评价: 60,60.00 
【预售】波司登2017新品中长款貉子毛男款长款羽绒服潮B70141111,1169,165,评价: 60,60.00 
波司登2017新品白鹅绒大毛领时尚休闲女士冬保暖羽绒服B70145240,1399,284,评价: 59,59.00 
BSD波司登2017新品时尚可脱卸狐狸毛领羽绒服女B70142572,1199,388,评价: 58,58.00 
波司登2017新品中长款韩版时尚运动保暖冬季女士羽绒服B70142010,898,275,评价: 58,58.00 
波司登2017新品冬季貉子毛羽绒衣中长款女毛领羽绒服B70141134ML,1169,247,评价: 58,58.00 
波司登2017新品貉子毛领保暖时尚冬装外套女长款羽绒服B70141138,1349,237,评价: 57,57.00 
波司登迪士尼米奇系列短款撞色棒球衫个性 潮 女士羽绒服B1601114,699,141,评价: 57,57.00 
波司登2017新品冬宽松长款青年韩版外套男中长款羽绒服B70142129V,1079,211,评价: 56,56.00 
BSD波司登2017新款貉子毛长款女士休闲羽绒服B70142570,1299,325,评价: 56,56.00 
波司登2017新品白鹅绒貉子毛大毛领羽绒服女B70146234,1529,199,评价: 56,56.00 
波司登2017新品冬连帽中长款女士燕尾后摆时尚羽绒服潮B70142122,799,196,评价: 56,56.00 
波司登2017新品貉子毛中长款直筒时尚保暖厚款女羽绒服B70141148,1169,226,评价: 55,55.00 
【预售】波司登2017新品短款立领时尚男装保暖羽绒服潮B70141101,799,146,评价: 55,55.00 
【预售】波司登2017新款休闲中长款羽绒服厚冬季外套女B70142124,769,168,评价: 54,54.00 
【预售】波司登2017新品冬季保暖长款过膝长款羽绒服潮B70142144V,1169,171,评价: 54,54.00 
波司登2017新款短款立领薄款时尚直筒日系街头羽绒服男B70132101,459,250,评价: 53,53.00 
波司登2017新品白鹅绒欧美宽松廓形户外羽绒服B70146218,1439,247,评价: 53,53.00 
【预售】波司登2017新款冬季大毛领女士中长款羽绒服潮B70142138V,999,113,评价: 53,53.00 
【预售】波司登2017新品短款运动保暖冬季直筒羽绒服男B70142501,599,144,评价: 53,53.00 
波司登2017新款冬运动户外连帽中长款个性羽绒服女时尚B70142004,898,216,评价: 52,52.00 
波司登2017新品百搭运动时尚长款户外连帽男装羽绒服B70142007V,1079,187,评价: 51,51.00 
BSD波司登羊羔绒连帽女款时尚活力短款保暖羽绒服冬B1301080,269,144,评价: 51,51.00 
波司登2017新款中款兔毛领商务休闲保暖冬季男士羽绒服B70141037,1199,311,评价: 50,50.00 
波司登2017新品白鹅绒连帽运动中长款时尚休闲羽绒服女B70146230,989,236,评价: 50,50.00 
波司登2017新款冬拼接外套长款显瘦厚款时尚女士羽绒服B70142006V,989,205,评价: 50,50.00 
波司登2017新品白鹅绒长款貉子毛领时尚休闲男士羽绒服B70143005J,1799,185,评价: 50,50.00 
波司登2017新品短款羊卷毛领男士商务休闲保暖羽绒服男B70141017,989,225,评价: 50,50.00 
BSD波司登2017新品羽绒风衣男款羽绒服B70142521,999,219,评价: 49,49.00 
波司登2017新品白鹅绒男士长款冬季欧美羽绒服B70146159,1439,232,评价: 49,49.00 
波司登2017新款轻型中长款时尚轻薄男人羽绒服B70131105,683,241,评价: 49,49.00 
bosideng波司登白鹅绒2017新款短款立领精品羽绒服男B70133023,719,240,评价: 49,49.00 
Bosideng/波司登2017新款时尚连帽防晒衣女款春季外套B1705040,259,150,评价: 49,49.00 
【预售】波司登2017新款冬装男外套纯色长款羽绒服潮B70142009VL,999,125,评价: 49,49.00 
【预售】波司登2017新款休闲中长款撞色落肩袖女羽绒服B70142510,599,121,评价: 49,49.00 
波司登2017新品长款大毛领女款潮款羽绒服羽绒风衣B70142150ML,1529,187,评价: 48,48.00 
波司登2017新品冬季中长款外套时尚欧美羽绒服B70141129,1079,182,评价: 48,48.00 
BSD波司登90%鹅绒短款羽绒服机车服防寒冬男装羽绒衣B1601323,1079,148,评价: 48,48.00 
BSD波司登 羽绒服 保暖修身双排扣 中长款羽绒衣B1301236,499,140,评价: 48,48.00 
波司登2017新款秋冬保暖短款女士连帽羽绒服潮款外套潮B70142182,719,241,评价: 46,46.00 
波司登白鹅绒2017新品秋短款西装领轻便商务羽绒服男B70133011,719,197,评价: 46,46.00 
波司登商场同款休闲时尚户外青年外套羽绒服保暖羽绒衣男B1401707,309,185,评价: 46,46.00 
BSD波司登冬季休闲纯色90%鹅绒女士长款羽绒服 保暖B1601378,1259,142,评价: 46,46.00 
波司登貉子毛领长款大毛领女士时尚保暖通勤羽绒服冬装B1601544,989,118,评价: 46,46.00 
【预售】波司登2017新款中长款大毛领过膝长款女羽绒服B70141126V,1099,147,评价: 46,46.00 
【预售】波司登2017新款修身加肥大码中长款保暖羽绒服B70141012B,999,119,评价: 46,46.00 
【预售】波司登2017秋季中长款连帽运动服少女羽绒服女B70132004,599,124,评价: 45,45.00 
波司登白鹅绒2017新款中长款连帽轻薄精品男装羽绒服男B70133007,799,201,评价: 44,44.00 
【预售】波司登2017新款轻薄立领直筒外套时尚羽绒服男B70131101,459,115,评价: 44,44.00 
波司登2017新品宽松廓形休闲时尚保暖中长款女士羽绒服B70141108,898,192,评价: 43,43.00 
BSD波司登棒球服冬季短款贴袋女士运动欧美羽绒服B1601100,568,119,评价: 43,43.00 
Bosideng/波司登连帽清新女装秋夏季短款外套 防晒服衫B1605010,269,119,评价: 43,43.00 
【预售】波司登2017新品时尚中长款女装羽绒服B70142518,559,111,评价: 43,43.00 
波司登2016新款大贴袋羽绒服修身中长款真狐狸毛领女款B1601246N,898,102,评价: 43,43.00 
波司登2017新款冬中长款羽绒风衣女士宽松羽绒服女韩版B70142156,1439,157,评价: 42,42.00 
BSD波司登2017新品长款纯色保暖外套女装羽绒服B70142564,899,238,评价: 42,42.00 
波司登2017新品休闲时尚保暖纯色中长款毛领男士羽绒服B70141021,1259,199,评价: 42,42.00 
波司登2017新品白鹅绒丝绒抗菌绒中长款女士保暖羽绒服B70143034,1439,177,评价: 42,42.00 
波司登2017新品运动中长款男装连帽运动休闲中款羽绒服B70142003,898,182,评价: 42,42.00 
【预售】波司登2017新品冬季保暖厚中长款羽绒服外套女B70142126,799,99,评价: 42,42.00 
【预售】波司登2017新款保暖厚款男士中长款毛领羽绒服B70142111,1099,97,评价: 42,42.00 
波司登2017新款貉子毛修身时尚中长款带毛领潮羽绒服女B70141018,1259,146,评价: 41,41.00 
波司登2017新款冬外套欧美时尚中长款羽绒服男羽绒风衣B70142013,1349,193,评价: 41,41.00 
【预售】波司登2017新品冬中长款女貉子毛保暖女羽绒服B70142180,1099,131,评价: 41,41.00 
【预售】波司登2017新品冬款运动连帽中长款保暖羽绒服B70142108,799,122,评价: 41,41.00 
波司登2017新品白鹅绒短款丝绒喇叭袖翻领女士羽绒服潮B70143002,1079,160,评价: 40,40.00 
波司登2017秋冬新款短款连帽轻薄青年运动男士羽绒服潮B70132001,539,144,评价: 40,40.00 
【预售】波司登2017新款冬季长款大毛领韩版女羽绒服长B70142104V,1359,106,评价: 40,40.00 
波司登2017新品貉子毛毛领韩版时尚羽绒服女B70142104,1259,156,评价: 39,39.00 
波司登2017新品白鹅绒貉子毛外套羽绒服B70146208,1529,223,评价: 38,38.00 
波司登2017新品冬中长款女大毛领中长款羽绒服B70142180,1169,199,评价: 38,38.00 
【预售】波司登2017新款秋冬女士休闲连帽羽绒服外套潮B70142182,679,93,评价: 38,38.00 
【预售】波司登2017新品长款连帽时尚大毛领羽绒服潮B70142138VL,1099,95,评价: 38,38.00 
波司登2017新品时尚保暖白鹅绒男士羽绒服休闲男装B70146157,999,151,评价: 37,37.00 
【预售】波司登2017新款时尚保暖休闲长款羽绒服B70141117,1099,99,评价: 37,37.00 
BSD波司登2017新品时尚连帽女士保暖韩版羽绒服B70142560,1199,157,评价: 36,36.00 
波司登2017秋羽绒韩版时尚短款连帽薄款羽绒服女轻薄潮B70132132,539,141,评价: 36,36.00 
【预售】波司登2017新品户外保暖中长款保暖男士羽绒服B70142119,898,97,评价: 36,36.00 
BSD波司登2017新品丝绒保暖女士韩版宽松羽绒服厚B70142562,1099,287,评价: 35,35.00 
波司登白鹅绒2017新款中长款直筒英伦时尚立领羽绒服男B70133005,898,172,评价: 35,35.00 
波司登2017新品白鹅绒时尚保暖大毛领冬女长款羽绒服B70146236,1499,240,评价: 34,34.00 
BSD波司登2017新款迪士尼系列米奇羽绒服女士韩版B70142534D,989,151,评价: 34,34.00 
bosideng波司登2017中长款立领个性羽绒马甲女秋冬马夹B70132116,539,149,评价: 34,34.00 
波司登2017新款时尚中长款连帽帅气男士羽绒服B70131113,719,210,评价: 34,34.00 
波司登2017新款长款貉子毛领加长户外羽绒服男B70142123,1439,119,评价: 34,34.00 
【预售】波司登2017新款秋冬中长款女士羽绒服B70132008,599,85,评价: 33,33.00 
【预售】波司登2017新款运动时尚男士连帽中长款羽绒服B70142119V,899,106,评价: 33,33.00 
【预售】波司登2017新迪士尼米奇欧洲站中长款羽绒服B70142188D,899,103,评价: 33,33.00 
【预售】波司登2017新品短款男装冬季保暖运动羽绒服男B70141105,898,82,评价: 32,32.00 
BSD波司登2017保暖风衣款可脱卸内胆休闲女羽绒服B70142566,999,174,评价: 31,31.00 
BSD波司登2017新品休闲街头连帽中长款羽绒服男款B70142523,1099,169,评价: 31,31.00 
BSD波司登90%鹅绒机车时尚男撞色男人外套羽绒服 B1601327,1699,85,评价: 30,30.00 
【预售】波司登2017新品时尚连帽休闲中长款女羽绒服潮B70142508,599,91,评价: 30,30.00 
BSD波司登2017新品时尚可脱卸内胆貉子毛羽绒服B70142568,1299,197,评价: 29,29.00 
波司登2017新品中长款欧美街头时尚连帽男款外套羽绒服B70141031,989,201,评价: 29,29.00 
波司登2017新款白鹅绒狐狸 大毛领女款修身长款羽绒服B70143028,2519,145,评价: 29,29.00 
BSD波司登女大众百搭时尚贵妇大毛领狐狸毛羽绒服B1301238,489,119,评价: 29,29.00 
波司登加厚御寒保暖防寒羽绒服户外短款登山服男反季清仓B1501067,869,98,评价: 29,29.00 
Bosideng/波司登2017新款春季时尚防晒衣男士百搭时尚服B1705037,199,101,评价: 29,29.00 
【预售】波司登2017新品连帽时尚男款中款厚款羽绒服B70142503,699,107,评价: 29,29.00 
【预售】波司登2017新品中长款毛领男士户外羽绒服B70141031J,999,80,评价: 29,29.00 
波司登2017新款韩版保暖厚款防寒服貉子毛中长款羽绒服B70141024,1079,136,评价: 28,28.00 
波司登2017新款白鹅绒狐狸毛领长款女士修身羽绒服外套B70143016,2519,107,评价: 28,28.00 
波司登中国风简约运动羽绒服男款白鹅绒服轻型民族风B1601013AL,699,58,评价: 28,28.00 
波司登2017新款中长款韩版休闲冬季时尚保暖外套羽绒服B70141120,898,251,评价: 27,27.00 
波司登2017新品连帽男装时尚休闲保暖长款白鹅绒羽绒服B70146167,1399,132,评价: 27,27.00 
波司登2017新长款连帽过膝超长款保暖男士轻薄羽绒服B70132019V,799,99,评价: 27,27.00 
Bosideng/波司登2017新款春季糖果色女士连帽运动防晒衣 B1705018,259,67,评价: 27,27.00 
BSD波司登2017新品连帽时尚休闲韩版女士羽绒服B70142558,899,159,评价: 26,26.00 
波司登2017新品白鹅绒中长款保暖街头时尚女款羽绒服B70146224,1349,107,评价: 26,26.00 
波司登白鹅绒2017新款短款立领轻便修身气质轻羽绒服女B70133010,539,96,评价: 26,26.00 
波司登男装酷潮机车系列白鹅绒个性时尚立领外套羽绒服B1601335,1399,50,评价: 26,26.00 
【预售】波司登2017新款欧美街头运动男装中长款羽绒服B70142005,899,71,评价: 26,26.00 
【预售】波司登2017新款迪士尼系列女款短款立领马甲B70132114D,319,82,评价: 26,26.00 
波司登2017新款秋羽绒中长款轻薄运动羽绒服男B70132103,719,110,评价: 25,25.00 
【预售】波司登2017新款秋季男士青年时尚长款羽绒服男B70132115,759,79,评价: 25,25.00 
【预售】波司登2017新品冬直筒保暖短款兔毛男士羽绒服B70141009,999,60,评价: 25,25.00 
波司登连帽羽绒服运动时尚男款个性中国风鹅绒外套男潮B1601013A,699,48,评价: 24,24.00 
波司登2017新品冬貉子毛中长款带毛领宽松外套羽绒服女B70141114,1099,170,评价: 23,23.00 
BSD波司登2017新品时尚长款宽松羽绒服女韩版女装B70142526,898,114,评价: 23,23.00 
Bosideng/波司登2017新款男士防晒衣连帽时尚春夏外套B1705031,259,76,评价: 23,23.00 
【预售】波司登2017新款中款兔毛领保暖冬季男士羽绒服B70141037,1199,64,评价: 23,23.00 
波司登女款长裤子休闲裤宽松长裤裤子B1610002,199,160,评价: 22,22.00 
波司登2017新品迪士尼系列米奇青年时尚男中长款羽绒服B70142107D,1169,111,评价: 22,22.00 
Bosideng/波司登2017新款女式外套百搭时尚轻薄长袖上衣B1705032,259,71,评价: 22,22.00 
波司登2017新款立领商务时尚中年款保暖中长款羽绒服男B70141055,1169,112,评价: 21,21.00 
Bosideng/波司登2017新品连帽短款时尚保暖休闲潮羽绒服B70142506,629,90,评价: 21,21.00 
波司登2017新款冬季字母中长款图案时尚女款厚羽绒服潮B70142134,989,117,评价: 20,20.00 
【预售】波司登2017新款连帽保暖外套休闲男款羽绒服B70141035,1199,70,评价: 20,20.00 
【预售】波司登2017新毛领外套中长款大貉子羽绒服女装B70142128,2158,56,评价: 20,20.00 
波司登2017新品冬连帽休闲女士时尚欧洲站长款羽绒服B70142110V,989,75,评价: 19,19.00 
BSD波司登2017新品时尚风衣款休闲韩版羽绒服男士B70142529,1099,82,评价: 19,19.00 
波司登2017新款迪士尼美女与野兽春季女式轻薄外套B1705030,199,67,评价: 19,19.00 
【预售】波司登2017新品户外男装时尚长款男外套羽绒服B70141131,1099,61,评价: 19,19.00 
波司登2017长款直筒时尚连帽女士薄羽绒服冬季外套女B70132104V,719,97,评价: 18,18.00 
波司登白鹅绒2017新款长款直筒超长翻领羽绒服女 冬装B70133026,1169,58,评价: 18,18.00 
【预售】波司登2017时尚款羽绒服B70142133,2338,50,评价: 18,18.00 
【预售】波司登2017新款短款运动棒球领便携式羽绒服潮B70132105,499,41,评价: 18,18.00 
BSD波司登2017新款时尚中长款撞色休闲女生羽绒服B70142532,699,132,评价: 17,17.00 
波司登2017新款中长款韩版潮图案加厚潮大毛领羽绒服女B70142184,999,126,评价: 17,17.00 
波司登2017新品白鹅绒时尚男士中长款保暖冬季羽绒服潮B70146165,1439,94,评价: 17,17.00 
波司登2017新品冬运动时尚连帽保暖超长款加厚羽绒服男B70142011,1169,89,评价: 17,17.00 
波司登2017新品冬纯色防寒服中长款连帽羽绒风衣羽绒服B70142113,1199,52,评价: 17,17.00 
波司登2017新品白鹅绒翻领长款女士时尚OL外套女羽绒服B70143008,1529,90,评价: 17,17.00 
【预售】波司登2017新品中长款保暖冬季女士羽绒服B70142010,799,71,评价: 17,17.00 
【清仓惠】波司登时尚中长款大毛领宽松保暖休闲羽绒服B1401252,349,48,评价: 17,17.00 
波司登2017新款迪士尼系列时尚长款连帽加长羽绒服男B70132117D,659,68,评价: 16,16.00 
Bosideng/波司登2017新品时尚休闲保暖短款连帽女羽绒服B70142504,599,147,评价: 15,15.00 
波司登2017新品冬中长款貉子毛大毛领韩版女士羽绒服潮B70142160,1099,92,评价: 15,15.00 
波司登2017新款白鹅绒oL外套保暖女士立领中长款羽绒服B70143006,1439,73,评价: 15,15.00 
Bosideng/波司登2017新款时尚休闲男中长款连帽秋羽绒B70131111,719,65,评价: 15,15.00 
波司登运动长裤休闲裤宽松裤子B1610001,199,51,评价: 15,15.00 
【预售】波司登2017新款貂毛中长款保暖厚款羽绒服B70141154,799,41,评价: 15,15.00 
【预售】波司登2017新品街头韩版修身男装中长款羽绒服B70142121V,899,38,评价: 15,15.00 
【预售】波司登2017新款宽松女士中长款潮连帽羽绒服潮B70142114,799,36,评价: 14,14.00 
波司登2017新品街头时尚冬貉子毛中长款带毛领羽绒服女B70141122,1099,99,评价: 13,13.00 
波司登2017新品白鹅绒连帽宽松时尚休闲保暖男款羽绒服B70146163,1259,44,评价: 13,13.00 
Bosideng/波司登2017新款春夏连帽夹克拉链外套男款长袖B1705025,299,35,评价: 13,13.00 
【预售】波司登2017新品冬季中长款男款时尚欧美羽绒服B70141129,999,39,评价: 13,13.00 
Bosideng/波司登2017新款运动时尚女款短款连帽外套防晒B1705022,299,36,评价: 12,12.00 
【预售】波司登2017新品中长款带毛领宽松外套羽绒服女B70141114,1099,34,评价: 12,12.00 
Bosideng/波司登2017新品时尚毛领保暖中长款连帽羽绒服B70142528,999,139,评价: 11,11.00 
Bosideng/波司登2017白鹅绒女士短款时尚休闲花色羽绒服B70145238,1259,59,评价: 11,11.00 
波司登2017新品白鹅绒连帽百搭休闲街头时尚外套羽绒服B70146153,1349,52,评价: 11,11.00 
波司登羊羔毛男士羽绒服短款时尚气质机车保暖鹅绒外套B1601319,1259,23,评价: 11,11.00 
BSD波司登运动男白鹅绒斜拉链立领机车保暖青年羽绒服B1601301,799,33,评价: 11,11.00 
【预售】波司登2017新品时尚长款羽绒服女精品女装B70142526,699,19,评价: 11,11.00 
【预售】波司登白鹅绒2017新款中长款保暖男款羽绒服B70133003,699,44,评价: 11,11.00 
Bosideng/波司登2017新款斗篷型连帽甜美女款中长款外套B1705002,459,26,评价: 10,10.00 
【预售】波司登2017新款轻型中长款连帽轻薄男人羽绒服B70131105,549,28,评价: 10,10.00 
【预售】波司登2017秋冬运动时尚轻型欧美薄款羽绒服男B70132005,459,42,评价: 10,10.00 
【预售】波司登2017新款迪士尼长款羽绒服女韩版B70142534D,699,27,评价: 10,10.00 
波司登2017新款秋冬中长款轻薄男士流行羽绒服B70132007,719,62,评价: 9,9.00 
Bosideng/波司登2017新款春季连帽外套休闲运动夹克男款B1705007,399,19,评价: 9,9.00 
【预售】波司登2017新款长款加长户外冬装外套羽绒服男B70142123,1299,29,评价: 9,9.00 
波司登2017新品保暖时尚休闲女士外套宽松羽绒服B70142554,1099,110,评价: 8,8.00 
波司登2017新品貉子毛中长款保暖厚款羽绒服B70141144,1079,106,评价: 8,8.00 
BSD波司登2017新品长款撞色连帽时尚女休闲羽绒服B70142538,999,43,评价: 8,8.00 
【预售】波司登2017新品冬中长款连帽羽绒风衣羽绒服B70142113,1199,21,评价: 8,8.00 
【预售】波司登2017时尚保暖大毛领冬女长款羽绒服B70146236,1499,22,评价: 8,8.00 
【预售】BSD波司登2017秋羽绒长款连帽女士加长羽绒服B70132004V,639,48,评价: 8,8.00 
波司登2017新品时尚保暖长袖连帽保暖运动中长款羽绒服B70142507,799,104,评价: 7,7.00 
波司登2017新品白鹅绒男士貉子毛领韩版休闲保暖羽绒服B70146149,1299,58,评价: 7,7.00 
波司登2017新款迪士尼系列米奇羽绒风衣中长款羽绒服B70142105D,1439,47,评价: 7,7.00 
波司登2017新款时尚运动男装外套春薄户外薄款夹克潮流B1705001F,699,11,评价: 7,7.00 
波司登男士短款保暖90%白鹅绒时尚机车羽绒衣羽绒服外套B1601303,1079,13,评价: 7,7.00 
【预售】波司登2017新品保暖男装中长款时尚保暖羽绒服B70142525,1199,25,评价: 7,7.00 
【预售】波司登2017新款冬字母款连帽时尚厚羽绒服潮B70142134,1978,17,评价: 6,6.00 
波司登2017新品中款大毛领女士时尚保暖羽绒服B70141106,1169,32,评价: 5,5.00 
波司登2016新款女中长款加厚时尚保暖休闲连帽羽绒服B1601308H,799,23,评价: 5,5.00 
【预售】波司登白鹅绒2017新款加长女士欧洲站羽绒服B70133002V,649,19,评价: 5,5.00 
【预售】波司登2017新款迪士尼米奇系列连帽羽绒服女B70132110VD,599,7,评价: 5,5.00 
【预售】波司登2017新款秋羽绒中长款轻薄运动羽绒服男B70132103,599,12,评价: 5,5.00 
BSD波司登2017新品时尚男士潮冬街头休闲羽绒服B70142527,999,32,评价: 4,4.00 
Bosideng/波司登2017新款春秋时尚连帽女款直筒简约风衣B1705028,359,12,评价: 4,4.00 
BSD波司登保暖男款冬机车服男装时尚90%鹅绒羽绒服B1601307,1079,10,评价: 4,4.00 
波司登2017新款春夏立领防晒服短款长袖外套女款百搭时尚B1705052,399,9,评价: 4,4.00 
【预售】bosideng波司登2017秋短款户外时尚羽绒服男B70132109,459,16,评价: 4,4.00 
【预售】波司登2017秋冬新款中长款外套轻薄羽绒服男潮B70132003,599,19,评价: 4,4.00 
波司登2017新款连帽男款迪士尼 美女与野兽 短款黑色风衣B1705003,359,24,评价: 3,3.00 
波司登大毛领女士修身羽绒服直筒加厚保暖百搭纯色外套B1501202H,639,15,评价: 3,3.00 
【迪士尼】波司登米奇短款棒球衫男士运动迪士尼羽绒服B1601131,699,8,评价: 3,3.00 
【预售】波司登2017新款中长款韩版加厚大毛领羽绒服女B70142184,999,11,评价: 3,3.00 
波司登2017新品大毛领长款羽绒服保暖休闲女士外套B70141080,1599,76,评价: 2,2.00 
Bosideng/波司登2017新款外套春装轻薄拉链连帽女士上衣B1705006,359,12,评价: 2,2.00 
波司登2017新款t恤男短袖 韩版 潮流青年修身上衣夏季B1702005F,259,6,评价: 2,2.00 
【预售】波司登2017新款时尚中长款连帽帅气男士羽绒服B70131113,599,5,评价: 2,2.00 
【预售】波司登2017时尚保暖街头撞色保暖男士羽绒服B70142527,2518,3,评价: 2,2.00 
波司登2017新品白鹅绒数字时尚潮街头欧美女士羽绒服B70146228,1169,8,评价: 1,1.00 
波司登2016年新款羽绒服加肥大码短款毛领女款冬季外套B1601334B,699,4,评价: 1,1.00 
【预售】波司登2017新品宽松风衣时尚休闲保暖羽绒服B70142566,999,4,评价: 1,1.00 
Bosideng/波司登2017年冬季新款直筒女士中长款羽绒服B70141126,1199,5,评价: 0,0.00 
Bosideng/波司登2017新款连帽男士外套春季中长款风衣B1705009F,859,4,评价: 0,0.00 
波司登2017新品春秋夹克男 青年 外套立领外套拉链潮流B1705027F,599,3,评价: 0,0.00 
波司登2017新款风衣男短款薄款春秋韩版修身休闲外套B1705015F,699,1,评价: 0,0.00 
波司登2017新品连帽男装外套休闲青年春季夹克潮流运动B1705023F,699,1,评价: 0,0.00 
【预售】波司登2017新品时尚保暖休闲宽松女装羽绒服女B70142560,1199,7,评价: 0,0.00 
【预售】波司登2017新品时尚风衣款休闲韩版羽绒服男士B70142529,1099,4,评价: 0,0.00 
【预售】波司登2017新品街头连帽中长款保暖羽绒服男款B70142523,1099,7,评价: 0,0.00 
【预售】波司登2017新品连帽时尚休闲保暖直筒羽绒服B70142558,899,1,评价: 0,0.00 
